"code";"country";"society";"logo"
"TUN";"Tunisia";"Tunisia - TUN";"croissant_rouge_tunisien.svg"
"PHL";"Philippines";"Philippines - PHL";"PhilippineRedCross.svg"
"SLE";"Sierra Leone";"Sierra Leone - SLE";"Sierra Leone Red Cross.svg"
"ITA";"Italy";"Italy - ITA";"ITA_CRI_logo.svg"
"ITA";"Italy";"Italy - ITA";"Croce Rossa Italiana.svg"
"MOZ";"Mozambique";"Mozambique - MOZ";"Mozambique RC.svg"
"ALB";"Albania";"Albania - ALB";"Albanian-Red-Cross.svg"
"AGO";"Angola";"Angola - AGO";"Angola-Red-Cross.svg"
"SVK";"Slovak Republic";"Slovak Republic - SVK";"Slovakia_RC_Logo.svg"
"MDA";"Moldova";"Moldova - MDA";"MDA_NCLogo_horizontal-01.svg"
"IRQ";"Iraq";"Iraq - IRQ";"iraqi_red_crescent.svg"
"LBY";"Libya";"Libya - LBY";"LIBYAN_RED_CRESCENT.svg"
"MDG";"Madagascar";"Madagascar - MDG";"logo_2mx2m_CMJN.svg"
"MDG";"Madagascar";"Madagascar - MDG";"Malagasy RC logo_CMJN.svg"
"TCD";"Chad";"Chad - TCD";"Chad Red Cross Society.svg"
"ECU";"Ecuador";"Ecuador - ECU";"Cruz_Roja_Ecuatoriana.svg"
"UGA";"Uganda";"Uganda - UGA";"Uganda Red Cross Society.svg"
"AND";"Andorra";"Andorra - AND";"Andorran-Red-Cross.svg"
"VUT";"Vanuatu";"Vanuatu - VUT";"VanuatuRedCross.svg"
"RUS";"Russian Federation";"Russian Federation - RUS";"Russia_RC_Logo.svg"
"NLD";"Netherlands";"Netherlands - NLD";"nlrc_logo copy.svg"
"NLD";"Netherlands";"Netherlands - NLD";"nlrc_logo.svg"
"NLD";"Netherlands";"Netherlands - NLD";"Netherlands_RC_Logo.svg"
"GBR";"United Kingdom of Great Britain and Northern Ireland";"United Kingdom of Great Britain and Northern Ireland - GBR";"British_Red_Cross.svg"
"GBR";"United Kingdom of Great Britain and Northern Ireland";"United Kingdom of Great Britain and Northern Ireland - GBR";"British_Red_Cross_logo.svg"
"PER";"Peru";"Peru - PER";"Cruz Roja Peruana.svg"
"DEU";"Germany";"Germany - DEU";"DEU_NSLogo_de.svg"
"DEU";"Germany";"Germany - DEU";"Germany_RC_Logo.svg"
"COG";"Congo";"Congo - COG";"Congo RC.svg"
"GRC";"Greece";"Greece - GRC";"Hellenic_RC-01.svg"
"GRC";"Greece";"Greece - GRC";"Greece_RC_Logo2.svg"
"GRC";"Greece";"Greece - GRC";"HRC_logo_Greek.svg"
"GRC";"Greece";"Greece - GRC";"GRC_NSLogo_gr.svg"
"GRC";"Greece";"Greece - GRC";"HRC_logo_Greek copy.svg"
"GRC";"Greece";"Greece - GRC";"Greece_RC_Logo1.svg"
"BWA";"Botswana";"Botswana - BWA";"Botswana RC.svg"
"ARM";"Armenia";"Armenia - ARM";"Armenian-Red-Cross-Society.svg"
"SYR";"Syrian Arab Republic";"Syrian Arab Republic - SYR";"Red_Crescent_SYRIA.svg"
"SYR";"Syrian Arab Republic";"Syrian Arab Republic - SYR";"SY_logo-AR_EN-CMYK_00.95.100.00.svg"
"SYR";"Syrian Arab Republic";"Syrian Arab Republic - SYR";"SY_logo-AR_EN-RGB_220.40.30.svg"
"SYR";"Syrian Arab Republic";"Syrian Arab Republic - SYR";"Syria Red Crescent.svg"
"SYR";"Syrian Arab Republic";"Syrian Arab Republic - SYR";"Red_Crescent_SYRIA-2.svg"
"SYR";"Syrian Arab Republic";"Syrian Arab Republic - SYR";"Red_Crescent_SYRIA (1).svg"
"ISR";"Israel";"Israel - ISR";"Magen_David_Adom.svg"
"DMA";"Dominica";"Dominica - DMA";"DominicaRC.svg"
"ZWE";"Zimbabwe";"Zimbabwe - ZWE";"Zimbabwe Red Cross.svg"
"KWT";"Kuwait";"Kuwait - KWT";"kuwait_red_crescent.svg"
"RWA";"Rwanda";"Rwanda - RWA";"Rwanda red cross.svg"
"MKD";"Republic of Macedonia";"Republic of Macedonia - MKD";"FYRofMacedoniaRC-01.svg"
"MKD";"Republic of Macedonia";"Republic of Macedonia - MKD";"MKD_NCLogo-01.svg"
"MKD";"Republic of Macedonia";"Republic of Macedonia - MKD";"FYROM_RC_Logo.svg"
"ARG";"Argentina";"Argentina - ARG";"Cruz_Roja_Argentina.svg"
"BDI";"Burundi";"Burundi - BDI";"Croix-Rouge du Burundi.svg"
"HRV";"Croatia";"Croatia - HRV";"Croatian_RC-01.svg"
"HRV";"Croatia";"Croatia - HRV";"Croatia_RC_Logo.svg"
"BHR";"Bahrain";"Bahrain - BHR";"Red_Crescent_BAHRAIN.svg"
"BHR";"Bahrain";"Bahrain - BHR";"bahrain_red_crescent.svg"
"SDS";"South Sudan";"South Sudan - SDS";"SouthSudan Red Cross.svg"
"CAN";"Canada";"Canada - CAN";"Canadian_Red_Cross.svg"
"CAN";"Canada";"Canada - CAN";"L_Can_Red_Cross_CMYK.svg"
"MUS";"Mauritius";"Mauritius - MUS";"Mauritius RC.svg"
"CMR";"Cameroon";"Cameroon - CMR";"Croix-Rouge camerounaise.svg"
"IRL";"Ireland";"Ireland - IRL";"Ireland_RC_Logo.svg"
"CAF";"Central African Republic";"Central African Republic - CAF";"Logo CAR.svg"
"LVA";"Latvia";"Latvia - LVA";"Latvia_RC_Logo.svg"
"ESP";"Spain";"Spain - ESP";"Spain_RC_Logo.svg"
"LSO";"Lesotho";"Lesotho - LSO";"Lesotho RC.svg"
"GMB";"The Gambia";"The Gambia - GMB";"Gambia Red Cross Society.svg"
"GMB";"The Gambia";"The Gambia - GMB";"GMB_NCLogo-01.svg"
"SEN";"Senegal";"Senegal - SEN";"Croix-Rouge senegalaise.svg"
"HTI";"Haiti";"Haiti - HTI";"Croix-Rouge haitienne.svg"
"ZAF";"South Africa";"South Africa - ZAF";"South_Africa_RCS_logo.svg"
"ZAF";"South Africa";"South Africa - ZAF";"South_Africa_RCS_logo copy.svg"
"ETH";"Ethiopia";"Ethiopia - ETH";"ERCS logo.svg"
"PSX";"Palestinian territories";"Palestinian territories - PSX";"Red_Crescent_PALESTINE.svg"
"PSX";"Palestinian territories";"Palestinian territories - PSX";"palestine_red_crescent.svg"
"PSX";"Palestinian territories";"Palestinian territories - PSX";"PS_logo-AR_EN-RGB_220.40.30.svg"
"SRB";"Serbia";"Serbia - SRB";"Serbia_RC-01.svg"
"SRB";"Serbia";"Serbia - SRB";"Serbia_RC_Logo.svg"
"NAM";"Namibia";"Namibia - NAM";"Namibia Red Cross Society.svg"
"HUN";"Hungary";"Hungary - HUN";"Hungary_RC_Logo.svg"
"HUN";"Hungary";"Hungary - HUN";"Hungarian_RC-01.svg"
"AFG";"Afghanistan";"Afghanistan - AFG";"Afghan-Red-Crescent-Society.svg"
"KEN";"Kenya";"Kenya - KEN";"Kenya red_cross_white_bg.svg"
"COM";"Comoros";"Comoros - COM";"Comoros RC.svg"
"NGA";"Nigeria";"Nigeria - NGA";"Croix-Rouge nigerienne.svg"
"NGA";"Nigeria";"Nigeria - NGA";"Nigerian Red Cross.svg"
"ARE";"United Arab Emirates";"United Arab Emirates - ARE";"Red-Crescent-Society-of-the-United-Arab-Emirates_01.svg"
"ARE";"United Arab Emirates";"United Arab Emirates - ARE";"Red-Crescent-Society-of-the-United-Arab-Emirates_02.svg"
"ATG";"Antigua and Barbuda";"Antigua and Barbuda - ATG";"Antigua-and-Barbuda-Red-Cross-Society_01.svg"
"LBR";"Liberia";"Liberia - LBR";"Liberian Red Cross.svg"
"DZA";"Algeria";"Algeria - DZA";"croissant_rouge_algerien.svg"
"MWI";"Malawi";"Malawi - MWI";"Malawi Red Cross Society 2.svg"
"MWI";"Malawi";"Malawi - MWI";"Malawi Red Cross Society.svg"
"TTO";"Trinidad and Tobago";"Trinidad and Tobago - TTO";"Trinidad&Tobago Red Cross Society.svg"
"URY";"Uruguay";"Uruguay - URY";"Uruguay RC.svg"
"TZA";"Tanzania";"Tanzania - TZA";"Tanzania Red Cross.svg"
"NOR";"Norway";"Norway - NOR";"Norway_RC_Logo.svg"
"UKR";"Ukraine";"Ukraine - UKR";"Ukraine_RC_Logo.svg"
"SOM";"Somalia";"Somalia - SOM";"Somali Red Crescent Society.svg"
"COD";"Democratic Republic of Congo";"Democratic Republic of Congo - COD";"Croix-Rouge RDC.svg"
