"code";"country";"society";"logo"
"TUN";"Tunisia";"Tunisian Red Crescent";"croissant_rouge_tunisien.svg"
"SLE";"Sierra Leone";"Sierra Leone Red Cross Society";"Sierra Leone Red Cross.svg"
"MOZ";"Mozambique";"Mozambique Red Cross Society";"Mozambique RC.svg"
"IRQ";"Iraq";"Iraqi Red Crescent Society";"iraqi_red_crescent.svg"
"LBY";"Libya";"Libyan Red Crescent";"LIBYAN_RED_CRESCENT.svg"
"MDG";"Madagascar";"Malagasy Red Cross Society";"logo_2mx2m_CMJN.svg"
"MDG";"Madagascar";"Malagasy Red Cross Society";"Malagasy RC logo_CMJN.svg"
"TCD";"Chad";"Red Cross of Chad";"Chad Red Cross Society.svg"
"UGA";"Uganda";"The Uganda Red Cross Society";"Uganda Red Cross Society.svg"
"VUT";"Vanuatu";"Vanuatu Red Cross Society";"VanuatuRedCross.svg"
"COG";"Congo";"Congolese Red Cross";"Congo RC.svg"
"BWA";"Botswana";"Botswana Red Cross Society";"Botswana RC.svg"
"ARM";"Armenia";"Armenian Red Cross Society";"Armenian-Red-Cross-Society.svg"
"SYR";"Syrian Arab Republic";"Syrian Arab Red Crescent";"Red_Crescent_SYRIA.svg"
"SYR";"Syrian Arab Republic";"Syrian Arab Red Crescent";"SY_logo-AR_EN-CMYK_00.95.100.00.svg"
"SYR";"Syrian Arab Republic";"Syrian Arab Red Crescent";"SY_logo-AR_EN-RGB_220.40.30.svg"
"SYR";"Syrian Arab Republic";"Syrian Arab Red Crescent";"Syria Red Crescent.svg"
"SYR";"Syrian Arab Republic";"Syrian Arab Red Crescent";"Red_Crescent_SYRIA-2.svg"
"SYR";"Syrian Arab Republic";"Syrian Arab Red Crescent";"Red_Crescent_SYRIA (1).svg"
"ZWE";"Zimbabwe";"Zimbabwe Red Cross Society";"Zimbabwe Red Cross.svg"
"KWT";"Kuwait";"Kuwait Red Crescent Society";"kuwait_red_crescent.svg"
"RWA";"Rwanda";"Rwandan Red Cross";"Rwanda red cross.svg"
"BDI";"Burundi";"Burundi Red Cross";"Croix-Rouge du Burundi.svg"
"BHR";"Bahrain";"Bahrain Red Crescent Society";"Red_Crescent_BAHRAIN.svg"
"BHR";"Bahrain";"Bahrain Red Crescent Society";"bahrain_red_crescent.svg"
"SDS";"South Sudan";"South Sudan Red Cross";"SouthSudan Red Cross.svg"
"CAN";"Canada";"The Canadian Red Cross Society";"L_Can_Red_Cross_CMYK.svg"
"MUS";"Mauritius";"Mauritius Red Cross Society";"Mauritius RC.svg"
"CMR";"Cameroon";"Cameroon Red Cross Society";"Croix-Rouge camerounaise.svg"
"CAF";"Central African Republic";"Central African Red Cross Society";"Logo CAR.svg"
"LSO";"Lesotho";"Lesotho Red Cross Society";"Lesotho RC.svg"
"GMB";"The Gambia";"The Gambia Red Cross Society";"Gambia Red Cross Society.svg"
"SEN";"Senegal";"Senegalese Red Cross Society";"Croix-Rouge senegalaise.svg"
"HTI";"Haiti";"Haiti Red Cross Society";"Croix-Rouge haitienne.svg"
"ETH";"Ethiopia";"Ethiopian Red Cross Society";"ERCS logo.svg"
"PSX";"Palestinian territories";"The Palestine Red Crescent Society";"Red_Crescent_PALESTINE.svg"
"PSX";"Palestinian territories";"The Palestine Red Crescent Society";"palestine_red_crescent.svg"
"PSX";"Palestinian territories";"The Palestine Red Crescent Society";"PS_logo-AR_EN-RGB_220.40.30.svg"
"NAM";"Namibia";"Namibia Red Cross";"Namibia Red Cross Society.svg"
"AFG";"Afghanistan";"Afghan Red Crescent Society";"Afghan-Red-Crescent-Society.svg"
"KEN";"Kenya";"Kenya Red Cross Society";"Kenya red_cross_white_bg.svg"
"COM";"Comoros";"The Comoros Red Crescent";"Comoros RC.svg"
"NGA";"Nigeria";"Nigerian Red Cross Society";"Croix-Rouge nigerienne.svg"
"NGA";"Nigeria";"Nigerian Red Cross Society";"Nigerian Red Cross.svg"
"ARE";"United Arab Emirates";"Red Crescent Society of the United Arab Emirates";"Red-Crescent-Society-of-the-United-Arab-Emirates_01.svg"
"ARE";"United Arab Emirates";"Red Crescent Society of the United Arab Emirates";"Red-Crescent-Society-of-the-United-Arab-Emirates_02.svg"
"ATG";"Antigua and Barbuda";"Antigua and Barbuda Red Cross Society";"Antigua-and-Barbuda-Red-Cross-Society_01.svg"
"LBR";"Liberia";"Liberian Red Cross Society";"Liberian Red Cross.svg"
"DZA";"Algeria";"Algerian Red Crescent";"croissant_rouge_algerien.svg"
"MWI";"Malawi";"Malawi Red Cross Society";"Malawi Red Cross Society 2.svg"
"MWI";"Malawi";"Malawi Red Cross Society";"Malawi Red Cross Society.svg"
"TZA";"Tanzania";"Tanzania Red Cross National Society";"Tanzania Red Cross.svg"
"SOM";"Somalia";"Somali Red Crescent Society";"Somali Red Crescent Society.svg"
"COD";"Democratic Republic of Congo";"Red Cross of the Democratic Republic of the Congo";"Croix-Rouge RDC.svg"
